year,month,state,price,,,,,,,,,,,,,,,,,,,,
2018,1,AK,21.66,,,,,,,,,,,,,,,,,,,,
2018,1,AL,11.59,,,,,,,,,,,,,,,,,,,,
2018,1,AR,9.36,,,,,,,,,,,,,,,,,,,,
2018,1,AZ,12.24,,,,,,,,,,,,,,,,,,,,
2018,1,CA,19.11,,,,,,,,,,,,,,,,,,,,
2018,1,CO,11.56,,,,,,,,,,,,,,,,,,,,
2018,1,CT,19.98,,,,,,,,,,,,,,,,,,,,
2018,1,DC,12.30,,,,,,,,,,,,,,,,,,,,
2018,1,DE,11.88,,,,,,,,,,,,,,,,,,,,
2018,1,FL,12.03,,,,,,,,,,,,,,,,,,,,
2018,1,GA,10.69,,,,,,,,,,,,,,,,,,,,
2018,1,HI,31.16,,,,,,,,,,,,,,,,,,,,
2018,1,IA,10.93,,,,,,,,,,,,,,,,,,,,
2018,1,ID,10.32,,,,,,,,,,,,,,,,,,,,
2018,1,IL,12.49,,,,,,,,,,,,,,,,,,,,
2018,1,IN,11.09,,,,,,,,,,,,,,,,,,,,
2018,1,KS,12.07,,,,,,,,,,,,,,,,,,,,
2018,1,KY,9.78,,,,,,,,,,,,,,,,,,,,
2018,1,LA,8.72,,,,,,,,,,,,,,,,,,,,
2018,1,MA,21.53,,,,,,,,,,,,,,,,,,,,
2018,1,MD,12.96,,,,,,,,,,,,,,,,,,,,
2018,1,ME,16.01,,,,,,,,,,,,,,,,,,,,
2018,1,MI,15.26,,,,,,,,,,,,,,,,,,,,
2018,1,MN,12.42,,,,,,,,,,,,,,,,,,,,
2018,1,MO,9.19,,,,,,,,,,,,,,,,,,,,
2018,1,MS,10.37,,,,,,,,,,,,,,,,,,,,
2018,1,MT,10.69,,,,,,,,,,,,,,,,,,,,
2018,1,NC,10.27,,,,,,,,,,,,,,,,,,,,
2018,1,ND,9.00,,,,,,,,,,,,,,,,,,,,
2018,1,NE,9.29,,,,,,,,,,,,,,,,,,,,
2018,1,NH,19.23,,,,,,,,,,,,,,,,,,,,
2018,1,NJ,15.54,,,,,,,,,,,,,,,,,,,,
2018,1,NM,11.92,,,,,,,,,,,,,,,,,,,,
2018,1,NV,12.40,,,,,,,,,,,,,,,,,,,,
2018,1,NY,17.75,,,,,,,,,,,,,,,,,,,,
2018,1,OH,11.83,,,,,,,,,,,,,,,,,,,,
2018,1,OK,8.79,,,,,,,,,,,,,,,,,,,,
2018,1,OR,10.53,,,,,,,,,,,,,,,,,,,,
2018,1,PA,13.67,,,,,,,,,,,,,,,,,,,,
2018,1,RI,22.24,,,,,,,,,,,,,,,,,,,,
2018,1,SC,12.50,,,,,,,,,,,,,,,,,,,,
2018,1,SD,10.71,,,,,,,,,,,,,,,,,,,,
2018,1,TN,10.02,,,,,,,,,,,,,,,,,,,,
2018,1,TX,10.83,,,,,,,,,,,,,,,,,,,,
2018,1,UT,10.36,,,,,,,,,,,,,,,,,,,,
2018,1,VA,10.94,,,,,,,,,,,,,,,,,,,,
2018,1,VT,17.36,,,,,,,,,,,,,,,,,,,,
2018,1,WA,9.51,,,,,,,,,,,,,,,,,,,,
2018,1,WI,14.01,,,,,,,,,,,,,,,,,,,,
2018,1,WV,11.05,,,,,,,,,,,,,,,,,,,,
2018,1,WY,10.83,,,,,,,,,,,,,,,,,,,,
2018,2,AK,21.10,,,,,,,,,,,,,,,,,,,,
2018,2,AL,12.29,,,,,,,,,,,,,,,,,,,,
2018,2,AR,9.80,,,,,,,,,,,,,,,,,,,,
2018,2,AZ,12.20,,,,,,,,,,,,,,,,,,,,
2018,2,CA,19.12,,,,,,,,,,,,,,,,,,,,
2018,2,CO,11.73,,,,,,,,,,,,,,,,,,,,
2018,2,CT,21.58,,,,,,,,,,,,,,,,,,,,
2018,2,DC,13.38,,,,,,,,,,,,,,,,,,,,
2018,2,DE,12.60,,,,,,,,,,,,,,,,,,,,
2018,2,FL,12.14,,,,,,,,,,,,,,,,,,,,
2018,2,GA,10.83,,,,,,,,,,,,,,,,,,,,
2018,2,HI,31.52,,,,,,,,,,,,,,,,,,,,
2018,2,IA,11.65,,,,,,,,,,,,,,,,,,,,
2018,2,ID,10.10,,,,,,,,,,,,,,,,,,,,
2018,2,IL,12.23,,,,,,,,,,,,,,,,,,,,
2018,2,IN,11.52,,,,,,,,,,,,,,,,,,,,
2018,2,KS,12.85,,,,,,,,,,,,,,,,,,,,
2018,2,KY,10.36,,,,,,,,,,,,,,,,,,,,
2018,2,LA,8.94,,,,,,,,,,,,,,,,,,,,
2018,2,MA,22.19,,,,,,,,,,,,,,,,,,,,
2018,2,MD,13.42,,,,,,,,,,,,,,,,,,,,
2018,2,ME,16.21,,,,,,,,,,,,,,,,,,,,
2018,2,MI,15.62,,,,,,,,,,,,,,,,,,,,
2018,2,MN,12.56,,,,,,,,,,,,,,,,,,,,
2018,2,MO,9.78,,,,,,,,,,,,,,,,,,,,
2018,2,MS,11.26,,,,,,,,,,,,,,,,,,,,
2018,2,MT,10.70,,,,,,,,,,,,,,,,,,,,
2018,2,NC,11.44,,,,,,,,,,,,,,,,,,,,
2018,2,ND,9.15,,,,,,,,,,,,,,,,,,,,
2018,2,NE,9.60,,,,,,,,,,,,,,,,,,,,
2018,2,NH,19.82,,,,,,,,,,,,,,,,,,,,
2018,2,NJ,15.86,,,,,,,,,,,,,,,,,,,,
2018,2,NM,12.21,,,,,,,,,,,,,,,,,,,,
2018,2,NV,12.50,,,,,,,,,,,,,,,,,,,,
2018,2,NY,18.20,,,,,,,,,,,,,,,,,,,,
2018,2,OH,12.29,,,,,,,,,,,,,,,,,,,,
2018,2,OK,9.85,,,,,,,,,,,,,,,,,,,,
2018,2,OR,10.73,,,,,,,,,,,,,,,,,,,,
2018,2,PA,13.95,,,,,,,,,,,,,,,,,,,,
2018,2,RI,21.66,,,,,,,,,,,,,,,,,,,,
2018,2,SC,12.96,,,,,,,,,,,,,,,,,,,,
2018,2,SD,10.76,,,,,,,,,,,,,,,,,,,,
2018,2,TN,10.33,,,,,,,,,,,,,,,,,,,,
2018,2,TX,11.07,,,,,,,,,,,,,,,,,,,,
2018,2,UT,10.41,,,,,,,,,,,,,,,,,,,,
2018,2,VA,11.47,,,,,,,,,,,,,,,,,,,,
2018,2,VT,18.03,,,,,,,,,,,,,,,,,,,,
2018,2,WA,9.54,,,,,,,,,,,,,,,,,,,,
2018,2,WI,14.29,,,,,,,,,,,,,,,,,,,,
2018,2,WV,11.38,,,,,,,,,,,,,,,,,,,,
2018,2,WY,10.86,,,,,,,,,,,,,,,,,,,,
2018,3,AK,21.45,,,,,,,,,,,,,,,,,,,,
2018,3,AL,12.65,,,,,,,,,,,,,,,,,,,,
2018,3,AR,10.47,,,,,,,,,,,,,,,,,,,,
2018,3,AZ,12.39,,,,,,,,,,,,,,,,,,,,
2018,3,CA,18.46,,,,,,,,,,,,,,,,,,,,
2018,3,CO,11.72,,,,,,,,,,,,,,,,,,,,
2018,3,CT,21.04,,,,,,,,,,,,,,,,,,,,
2018,3,DC,12.18,,,,,,,,,,,,,,,,,,,,
2018,3,DE,12.38,,,,,,,,,,,,,,,,,,,,
2018,3,FL,11.75,,,,,,,,,,,,,,,,,,,,
2018,3,GA,11.33,,,,,,,,,,,,,,,,,,,,
2018,3,HI,32.05,,,,,,,,,,,,,,,,,,,,
2018,3,IA,12.05,,,,,,,,,,,,,,,,,,,,
2018,3,ID,9.99,,,,,,,,,,,,,,,,,,,,
2018,3,IL,12.73,,,,,,,,,,,,,,,,,,,,
2018,3,IN,12.13,,,,,,,,,,,,,,,,,,,,
2018,3,KS,13.34,,,,,,,,,,,,,,,,,,,,
2018,3,KY,10.55,,,,,,,,,,,,,,,,,,,,
2018,3,LA,9.79,,,,,,,,,,,,,,,,,,,,
2018,3,MA,22.49,,,,,,,,,,,,,,,,,,,,
2018,3,MD,12.97,,,,,,,,,,,,,,,,,,,,
2018,3,ME,15.60,,,,,,,,,,,,,,,,,,,,
2018,3,MI,15.55,,,,,,,,,,,,,,,,,,,,
2018,3,MN,12.71,,,,,,,,,,,,,,,,,,,,
2018,3,MO,10.48,,,,,,,,,,,,,,,,,,,,
2018,3,MS,12.04,,,,,,,,,,,,,,,,,,,,
2018,3,MT,10.84,,,,,,,,,,,,,,,,,,,,
2018,3,NC,11.17,,,,,,,,,,,,,,,,,,,,
2018,3,ND,9.65,,,,,,,,,,,,,,,,,,,,
2018,3,NE,10.24,,,,,,,,,,,,,,,,,,,,
2018,3,NH,19.88,,,,,,,,,,,,,,,,,,,,
2018,3,NJ,15.41,,,,,,,,,,,,,,,,,,,,
2018,3,NM,12.67,,,,,,,,,,,,,,,,,,,,
2018,3,NV,12.62,,,,,,,,,,,,,,,,,,,,
2018,3,NY,17.53,,,,,,,,,,,,,,,,,,,,
2018,3,OH,12.55,,,,,,,,,,,,,,,,,,,,
2018,3,OK,10.85,,,,,,,,,,,,,,,,,,,,
2018,3,OR,10.74,,,,,,,,,,,,,,,,,,,,
2018,3,PA,13.93,,,,,,,,,,,,,,,,,,,,
2018,3,RI,20.21,,,,,,,,,,,,,,,,,,,,
2018,3,SC,12.97,,,,,,,,,,,,,,,,,,,,
2018,3,SD,10.84,,,,,,,,,,,,,,,,,,,,
2018,3,TN,11.15,,,,,,,,,,,,,,,,,,,,
2018,3,TX,11.56,,,,,,,,,,,,,,,,,,,,
2018,3,UT,10.44,,,,,,,,,,,,,,,,,,,,
2018,3,VA,11.71,,,,,,,,,,,,,,,,,,,,
2018,3,VT,17.60,,,,,,,,,,,,,,,,,,,,
2018,3,WA,9.65,,,,,,,,,,,,,,,,,,,,
2018,3,WI,14.41,,,,,,,,,,,,,,,,,,,,
2018,3,WV,11.43,,,,,,,,,,,,,,,,,,,,
2018,3,WY,11.05,,,,,,,,,,,,,,,,,,,,
2018,4,AK,21.59,,,,,,,,,,,,,,,,,,,,
2018,4,AL,12.79,,,,,,,,,,,,,,,,,,,,
2018,4,AR,10.00,,,,,,,,,,,,,,,,,,,,
2018,4,AZ,13.10,,,,,,,,,,,,,,,,,,,,
2018,4,CA,16.08,,,,,,,,,,,,,,,,,,,,
2018,4,CO,12.06,,,,,,,,,,,,,,,,,,,,
2018,4,CT,21.44,,,,,,,,,,,,,,,,,,,,
2018,4,DC,13.72,,,,,,,,,,,,,,,,,,,,
2018,4,DE,12.85,,,,,,,,,,,,,,,,,,,,
2018,4,FL,11.36,,,,,,,,,,,,,,,,,,,,
2018,4,GA,11.19,,,,,,,,,,,,,,,,,,,,
2018,4,HI,31.21,,,,,,,,,,,,,,,,,,,,
2018,4,IA,12.24,,,,,,,,,,,,,,,,,,,,
2018,4,ID,10.13,,,,,,,,,,,,,,,,,,,,
2018,4,IL,13.04,,,,,,,,,,,,,,,,,,,,
2018,4,IN,12.31,,,,,,,,,,,,,,,,,,,,
2018,4,KS,13.56,,,,,,,,,,,,,,,,,,,,
2018,4,KY,10.62,,,,,,,,,,,,,,,,,,,,
2018,4,LA,9.80,,,,,,,,,,,,,,,,,,,,
2018,4,MA,22.29,,,,,,,,,,,,,,,,,,,,
2018,4,MD,13.37,,,,,,,,,,,,,,,,,,,,
2018,4,ME,15.75,,,,,,,,,,,,,,,,,,,,
2018,4,MI,15.66,,,,,,,,,,,,,,,,,,,,
2018,4,MN,12.87,,,,,,,,,,,,,,,,,,,,
2018,4,MO,10.36,,,,,,,,,,,,,,,,,,,,
2018,4,MS,12.17,,,,,,,,,,,,,,,,,,,,
2018,4,MT,11.02,,,,,,,,,,,,,,,,,,,,
2018,4,NC,11.89,,,,,,,,,,,,,,,,,,,,
2018,4,ND,10.03,,,,,,,,,,,,,,,,,,,,
2018,4,NE,10.54,,,,,,,,,,,,,,,,,,,,
2018,4,NH,19.80,,,,,,,,,,,,,,,,,,,,
2018,4,NJ,15.60,,,,,,,,,,,,,,,,,,,,
2018,4,NM,12.58,,,,,,,,,,,,,,,,,,,,
2018,4,NV,12.34,,,,,,,,,,,,,,,,,,,,
2018,4,NY,18.00,,,,,,,,,,,,,,,,,,,,
2018,4,OH,12.66,,,,,,,,,,,,,,,,,,,,
2018,4,OK,11.05,,,,,,,,,,,,,,,,,,,,
2018,4,OR,10.86,,,,,,,,,,,,,,,,,,,,
2018,4,PA,14.08,,,,,,,,,,,,,,,,,,,,
2018,4,RI,20.47,,,,,,,,,,,,,,,,,,,,
2018,4,SC,13.21,,,,,,,,,,,,,,,,,,,,
2018,4,SD,11.23,,,,,,,,,,,,,,,,,,,,
2018,4,TN,10.81,,,,,,,,,,,,,,,,,,,,
2018,4,TX,11.59,,,,,,,,,,,,,,,,,,,,
2018,4,UT,10.52,,,,,,,,,,,,,,,,,,,,
2018,4,VA,11.85,,,,,,,,,,,,,,,,,,,,
2018,4,VT,17.92,,,,,,,,,,,,,,,,,,,,
2018,4,WA,9.74,,,,,,,,,,,,,,,,,,,,
2018,4,WI,14.69,,,,,,,,,,,,,,,,,,,,
2018,4,WV,11.47,,,,,,,,,,,,,,,,,,,,
2018,4,WY,11.29,,,,,,,,,,,,,,,,,,,,
2018,5,AK,22.14,,,,,,,,,,,,,,,,,,,,
2018,5,AL,12.49,,,,,,,,,,,,,,,,,,,,
2018,5,AR,9.89,,,,,,,,,,,,,,,,,,,,
2018,5,AZ,13.30,,,,,,,,,,,,,,,,,,,,
2018,5,CA,18.91,,,,,,,,,,,,,,,,,,,,
2018,5,CO,11.96,,,,,,,,,,,,,,,,,,,,
2018,5,CT,21.54,,,,,,,,,,,,,,,,,,,,
2018,5,DC,13.73,,,,,,,,,,,,,,,,,,,,
2018,5,DE,13.73,,,,,,,,,,,,,,,,,,,,
2018,5,FL,11.54,,,,,,,,,,,,,,,,,,,,
2018,5,GA,11.62,,,,,,,,,,,,,,,,,,,,
2018,5,HI,32.03,,,,,,,,,,,,,,,,,,,,
2018,5,IA,13.28,,,,,,,,,,,,,,,,,,,,
2018,5,ID,10.55,,,,,,,,,,,,,,,,,,,,
2018,5,IL,13.21,,,,,,,,,,,,,,,,,,,,
2018,5,IN,12.30,,,,,,,,,,,,,,,,,,,,
2018,5,KS,13.51,,,,,,,,,,,,,,,,,,,,
2018,5,KY,10.66,,,,,,,,,,,,,,,,,,,,
2018,5,LA,9.53,,,,,,,,,,,,,,,,,,,,
2018,5,MA,21.64,,,,,,,,,,,,,,,,,,,,
2018,5,MD,13.33,,,,,,,,,,,,,,,,,,,,
2018,5,ME,16.27,,,,,,,,,,,,,,,,,,,,
2018,5,MI,15.92,,,,,,,,,,,,,,,,,,,,
2018,5,MN,13.77,,,,,,,,,,,,,,,,,,,,
2018,5,MO,12.45,,,,,,,,,,,,,,,,,,,,
2018,5,MS,12.07,,,,,,,,,,,,,,,,,,,,
2018,5,MT,11.43,,,,,,,,,,,,,,,,,,,,
2018,5,NC,11.41,,,,,,,,,,,,,,,,,,,,
2018,5,ND,11.26,,,,,,,,,,,,,,,,,,,,
2018,5,NE,11.42,,,,,,,,,,,,,,,,,,,,
2018,5,NH,19.76,,,,,,,,,,,,,,,,,,,,
2018,5,NJ,15.88,,,,,,,,,,,,,,,,,,,,
2018,5,NM,12.14,,,,,,,,,,,,,,,,,,,,
2018,5,NV,12.05,,,,,,,,,,,,,,,,,,,,
2018,5,NY,18.52,,,,,,,,,,,,,,,,,,,,
2018,5,OH,12.81,,,,,,,,,,,,,,,,,,,,
2018,5,OK,10.09,,,,,,,,,,,,,,,,,,,,
2018,5,OR,11.20,,,,,,,,,,,,,,,,,,,,
2018,5,PA,14.32,,,,,,,,,,,,,,,,,,,,
2018,5,RI,20.03,,,,,,,,,,,,,,,,,,,,
2018,5,SC,12.85,,,,,,,,,,,,,,,,,,,,
2018,5,SD,12.10,,,,,,,,,,,,,,,,,,,,
2018,5,TN,10.87,,,,,,,,,,,,,,,,,,,,
2018,5,TX,11.60,,,,,,,,,,,,,,,,,,,,
2018,5,UT,10.79,,,,,,,,,,,,,,,,,,,,
2018,5,VA,12.28,,,,,,,,,,,,,,,,,,,,
2018,5,VT,18.35,,,,,,,,,,,,,,,,,,,,
2018,5,WA,9.70,,,,,,,,,,,,,,,,,,,,
2018,5,WI,15.21,,,,,,,,,,,,,,,,,,,,
2018,5,WV,11.78,,,,,,,,,,,,,,,,,,,,
2018,5,WY,11.98,,,,,,,,,,,,,,,,,,,,
2018,6,AK,22.51,,,,,,,,,,,,,,,,,,,,
2018,6,AL,12.41,,,,,,,,,,,,,,,,,,,,
2018,6,AR,9.99,,,,,,,,,,,,,,,,,,,,
2018,6,AZ,13.16,,,,,,,,,,,,,,,,,,,,
2018,6,CA,19.90,,,,,,,,,,,,,,,,,,,,
2018,6,CO,12.28,,,,,,,,,,,,,,,,,,,,
2018,6,CT,21.62,,,,,,,,,,,,,,,,,,,,
2018,6,DC,12.06,,,,,,,,,,,,,,,,,,,,
2018,6,DE,13.21,,,,,,,,,,,,,,,,,,,,
2018,6,FL,11.37,,,,,,,,,,,,,,,,,,,,
2018,6,GA,12.26,,,,,,,,,,,,,,,,,,,,
2018,6,HI,32.76,,,,,,,,,,,,,,,,,,,,
2018,6,IA,13.81,,,,,,,,,,,,,,,,,,,,
2018,6,ID,10.58,,,,,,,,,,,,,,,,,,,,
2018,6,IL,12.56,,,,,,,,,,,,,,,,,,,,
2018,6,IN,12.02,,,,,,,,,,,,,,,,,,,,
2018,6,KS,13.46,,,,,,,,,,,,,,,,,,,,
2018,6,KY,10.56,,,,,,,,,,,,,,,,,,,,
2018,6,LA,9.37,,,,,,,,,,,,,,,,,,,,
2018,6,MA,21.10,,,,,,,,,,,,,,,,,,,,
2018,6,MD,13.92,,,,,,,,,,,,,,,,,,,,
2018,6,ME,16.15,,,,,,,,,,,,,,,,,,,,
2018,6,MI,16.07,,,,,,,,,,,,,,,,,,,,
2018,6,MN,14.09,,,,,,,,,,,,,,,,,,,,
2018,6,MO,13.23,,,,,,,,,,,,,,,,,,,,
2018,6,MS,11.55,,,,,,,,,,,,,,,,,,,,
2018,6,MT,11.85,,,,,,,,,,,,,,,,,,,,
2018,6,NC,11.24,,,,,,,,,,,,,,,,,,,,
2018,6,ND,12.07,,,,,,,,,,,,,,,,,,,,
2018,6,NE,11.31,,,,,,,,,,,,,,,,,,,,
2018,6,NH,19.63,,,,,,,,,,,,,,,,,,,,
2018,6,NJ,15.64,,,,,,,,,,,,,,,,,,,,
2018,6,NM,13.37,,,,,,,,,,,,,,,,,,,,
2018,6,NV,11.67,,,,,,,,,,,,,,,,,,,,
2018,6,NY,19.30,,,,,,,,,,,,,,,,,,,,
2018,6,OH,12.64,,,,,,,,,,,,,,,,,,,,
2018,6,OK,10.72,,,,,,,,,,,,,,,,,,,,
2018,6,OR,11.02,,,,,,,,,,,,,,,,,,,,
2018,6,PA,14.31,,,,,,,,,,,,,,,,,,,,
2018,6,RI,18.64,,,,,,,,,,,,,,,,,,,,
2018,6,SC,12.91,,,,,,,,,,,,,,,,,,,,
2018,6,SD,12.39,,,,,,,,,,,,,,,,,,,,
2018,6,TN,10.79,,,,,,,,,,,,,,,,,,,,
2018,6,TX,11.36,,,,,,,,,,,,,,,,,,,,
2018,6,UT,10.63,,,,,,,,,,,,,,,,,,,,
2018,6,VA,12.40,,,,,,,,,,,,,,,,,,,,
2018,6,VT,18.50,,,,,,,,,,,,,,,,,,,,
2018,6,WA,9.79,,,,,,,,,,,,,,,,,,,,
2018,6,WI,14.28,,,,,,,,,,,,,,,,,,,,
2018,6,WV,11.57,,,,,,,,,,,,,,,,,,,,
2018,6,WY,12.30,,,,,,,,,,,,,,,,,,,,
2018,7,AK,23.46,,,,,,,,,,,,,,,,,,,,
2018,7,AL,12.28,,,,,,,,,,,,,,,,,,,,
2018,7,AR,9.98,,,,,,,,,,,,,,,,,,,,
2018,7,AZ,12.92,,,,,,,,,,,,,,,,,,,,
2018,7,CA,19.65,,,,,,,,,,,,,,,,,,,,
2018,7,CO,12.67,,,,,,,,,,,,,,,,,,,,
2018,7,CT,20.88,,,,,,,,,,,,,,,,,,,,
2018,7,DC,12.00,,,,,,,,,,,,,,,,,,,,
2018,7,DE,12.02,,,,,,,,,,,,,,,,,,,,
2018,7,FL,11.29,,,,,,,,,,,,,,,,,,,,
2018,7,GA,12.28,,,,,,,,,,,,,,,,,,,,
2018,7,HI,33.45,,,,,,,,,,,,,,,,,,,,
2018,7,IA,14.50,,,,,,,,,,,,,,,,,,,,
2018,7,ID,10.47,,,,,,,,,,,,,,,,,,,,
2018,7,IL,11.76,,,,,,,,,,,,,,,,,,,,
2018,7,IN,12.05,,,,,,,,,,,,,,,,,,,,
2018,7,KS,13.65,,,,,,,,,,,,,,,,,,,,
2018,7,KY,10.35,,,,,,,,,,,,,,,,,,,,
2018,7,LA,9.68,,,,,,,,,,,,,,,,,,,,
2018,7,MA,20.63,,,,,,,,,,,,,,,,,,,,
2018,7,MD,13.46,,,,,,,,,,,,,,,,,,,,
2018,7,ME,16.31,,,,,,,,,,,,,,,,,,,,
2018,7,MI,15.98,,,,,,,,,,,,,,,,,,,,
2018,7,MN,14.21,,,,,,,,,,,,,,,,,,,,
2018,7,MO,13.12,,,,,,,,,,,,,,,,,,,,
2018,7,MS,10.96,,,,,,,,,,,,,,,,,,,,
2018,7,MT,11.74,,,,,,,,,,,,,,,,,,,,
2018,7,NC,11.43,,,,,,,,,,,,,,,,,,,,
2018,7,ND,11.86,,,,,,,,,,,,,,,,,,,,
2018,7,NE,11.91,,,,,,,,,,,,,,,,,,,,
2018,7,NH,18.88,,,,,,,,,,,,,,,,,,,,
2018,7,NJ,15.50,,,,,,,,,,,,,,,,,,,,
2018,7,NM,13.39,,,,,,,,,,,,,,,,,,,,
2018,7,NV,11.34,,,,,,,,,,,,,,,,,,,,
2018,7,NY,19.38,,,,,,,,,,,,,,,,,,,,
2018,7,OH,12.70,,,,,,,,,,,,,,,,,,,,
2018,7,OK,10.32,,,,,,,,,,,,,,,,,,,,
2018,7,OR,11.22,,,,,,,,,,,,,,,,,,,,
2018,7,PA,13.98,,,,,,,,,,,,,,,,,,,,
2018,7,RI,18.23,,,,,,,,,,,,,,,,,,,,
2018,7,SC,12.96,,,,,,,,,,,,,,,,,,,,
2018,7,SD,12.42,,,,,,,,,,,,,,,,,,,,
2018,7,TN,10.68,,,,,,,,,,,,,,,,,,,,
2018,7,TX,11.26,,,,,,,,,,,,,,,,,,,,
2018,7,UT,10.94,,,,,,,,,,,,,,,,,,,,
2018,7,VA,12.33,,,,,,,,,,,,,,,,,,,,
2018,7,VT,17.86,,,,,,,,,,,,,,,,,,,,
2018,7,WA,9.71,,,,,,,,,,,,,,,,,,,,
2018,7,WI,14.30,,,,,,,,,,,,,,,,,,,,
2018,7,WV,11.43,,,,,,,,,,,,,,,,,,,,
2018,7,WY,12.04,,,,,,,,,,,,,,,,,,,,
2018,8,AK,22.73,,,,,,,,,,,,,,,,,,,,
2018,8,AL,12.41,,,,,,,,,,,,,,,,,,,,
2018,8,AR,9.98,,,,,,,,,,,,,,,,,,,,
2018,8,AZ,12.91,,,,,,,,,,,,,,,,,,,,
2018,8,CA,20.03,,,,,,,,,,,,,,,,,,,,
2018,8,CO,12.49,,,,,,,,,,,,,,,,,,,,
2018,8,CT,21.28,,,,,,,,,,,,,,,,,,,,
2018,8,DC,12.56,,,,,,,,,,,,,,,,,,,,
2018,8,DE,12.30,,,,,,,,,,,,,,,,,,,,
2018,8,FL,11.27,,,,,,,,,,,,,,,,,,,,
2018,8,GA,12.51,,,,,,,,,,,,,,,,,,,,
2018,8,HI,32.40,,,,,,,,,,,,,,,,,,,,
2018,8,IA,14.57,,,,,,,,,,,,,,,,,,,,
2018,8,ID,10.53,,,,,,,,,,,,,,,,,,,,
2018,8,IL,12.32,,,,,,,,,,,,,,,,,,,,
2018,8,IN,12.26,,,,,,,,,,,,,,,,,,,,
2018,8,KS,13.72,,,,,,,,,,,,,,,,,,,,
2018,8,KY,10.47,,,,,,,,,,,,,,,,,,,,
2018,8,LA,9.65,,,,,,,,,,,,,,,,,,,,
2018,8,MA,20.85,,,,,,,,,,,,,,,,,,,,
2018,8,MD,13.06,,,,,,,,,,,,,,,,,,,,
2018,8,ME,16.28,,,,,,,,,,,,,,,,,,,,
2018,8,MI,15.48,,,,,,,,,,,,,,,,,,,,
2018,8,MN,13.99,,,,,,,,,,,,,,,,,,,,
2018,8,MO,12.68,,,,,,,,,,,,,,,,,,,,
2018,8,MS,10.98,,,,,,,,,,,,,,,,,,,,
2018,8,MT,11.51,,,,,,,,,,,,,,,,,,,,
2018,8,NC,11.49,,,,,,,,,,,,,,,,,,,,
2018,8,ND,11.93,,,,,,,,,,,,,,,,,,,,
2018,8,NE,12.07,,,,,,,,,,,,,,,,,,,,
2018,8,NH,19.28,,,,,,,,,,,,,,,,,,,,
2018,8,NJ,15.29,,,,,,,,,,,,,,,,,,,,
2018,8,NM,13.62,,,,,,,,,,,,,,,,,,,,
2018,8,NV,11.42,,,,,,,,,,,,,,,,,,,,
2018,8,NY,19.03,,,,,,,,,,,,,,,,,,,,
2018,8,OH,12.68,,,,,,,,,,,,,,,,,,,,
2018,8,OK,10.80,,,,,,,,,,,,,,,,,,,,
2018,8,OR,11.09,,,,,,,,,,,,,,,,,,,,
2018,8,PA,13.91,,,,,,,,,,,,,,,,,,,,
2018,8,RI,18.70,,,,,,,,,,,,,,,,,,,,
2018,8,SC,10.23,,,,,,,,,,,,,,,,,,,,
2018,8,SD,12.65,,,,,,,,,,,,,,,,,,,,
2018,8,TN,10.83,,,,,,,,,,,,,,,,,,,,
2018,8,TX,11.44,,,,,,,,,,,,,,,,,,,,
2018,8,UT,11.02,,,,,,,,,,,,,,,,,,,,
2018,8,VA,12.34,,,,,,,,,,,,,,,,,,,,
2018,8,VT,17.93,,,,,,,,,,,,,,,,,,,,
2018,8,WA,9.80,,,,,,,,,,,,,,,,,,,,
2018,8,WI,14.36,,,,,,,,,,,,,,,,,,,,
2018,8,WV,11.39,,,,,,,,,,,,,,,,,,,,
2018,8,WY,11.82,,,,,,,,,,,,,,,,,,,,
2018,9,AK,22.76,,,,,,,,,,,,,,,,,,,,
2018,9,AL,12.47,,,,,,,,,,,,,,,,,,,,
2018,9,AR,10.05,,,,,,,,,,,,,,,,,,,,
2018,9,AZ,12.91,,,,,,,,,,,,,,,,,,,,
2018,9,CA,19.39,,,,,,,,,,,,,,,,,,,,
2018,9,CO,12.55,,,,,,,,,,,,,,,,,,,,
2018,9,CT,22.05,,,,,,,,,,,,,,,,,,,,
2018,9,DC,12.56,,,,,,,,,,,,,,,,,,,,
2018,9,DE,12.38,,,,,,,,,,,,,,,,,,,,
2018,9,FL,11.31,,,,,,,,,,,,,,,,,,,,
2018,9,GA,12.09,,,,,,,,,,,,,,,,,,,,
2018,9,HI,32.29,,,,,,,,,,,,,,,,,,,,
2018,9,IA,13.23,,,,,,,,,,,,,,,,,,,,
2018,9,ID,10.32,,,,,,,,,,,,,,,,,,,,
2018,9,IL,12.19,,,,,,,,,,,,,,,,,,,,
2018,9,IN,12.33,,,,,,,,,,,,,,,,,,,,
2018,9,KS,12.86,,,,,,,,,,,,,,,,,,,,
2018,9,KY,10.70,,,,,,,,,,,,,,,,,,,,
2018,9,LA,9.28,,,,,,,,,,,,,,,,,,,,
2018,9,MA,22.15,,,,,,,,,,,,,,,,,,,,
2018,9,MD,13.29,,,,,,,,,,,,,,,,,,,,
2018,9,ME,16.01,,,,,,,,,,,,,,,,,,,,
2018,9,MI,15.40,,,,,,,,,,,,,,,,,,,,
2018,9,MN,14.57,,,,,,,,,,,,,,,,,,,,
2018,9,MO,10.98,,,,,,,,,,,,,,,,,,,,
2018,9,MS,10.86,,,,,,,,,,,,,,,,,,,,
2018,9,MT,11.78,,,,,,,,,,,,,,,,,,,,
2018,9,NC,11.60,,,,,,,,,,,,,,,,,,,,
2018,9,ND,12.23,,,,,,,,,,,,,,,,,,,,
2018,9,NE,12.28,,,,,,,,,,,,,,,,,,,,
2018,9,NH,19.87,,,,,,,,,,,,,,,,,,,,
2018,9,NJ,15.53,,,,,,,,,,,,,,,,,,,,
2018,9,NM,13.10,,,,,,,,,,,,,,,,,,,,
2018,9,NV,11.72,,,,,,,,,,,,,,,,,,,,
2018,9,NY,19.28,,,,,,,,,,,,,,,,,,,,
2018,9,OH,11.39,,,,,,,,,,,,,,,,,,,,
2018,9,OK,10.85,,,,,,,,,,,,,,,,,,,,
2018,9,OR,11.29,,,,,,,,,,,,,,,,,,,,
2018,9,PA,13.76,,,,,,,,,,,,,,,,,,,,
2018,9,RI,22.32,,,,,,,,,,,,,,,,,,,,
2018,9,SC,12.37,,,,,,,,,,,,,,,,,,,,
2018,9,SD,12.83,,,,,,,,,,,,,,,,,,,,
2018,9,TN,10.59,,,,,,,,,,,,,,,,,,,,
2018,9,TX,11.59,,,,,,,,,,,,,,,,,,,,
2018,9,UT,10.62,,,,,,,,,,,,,,,,,,,,
2018,9,VA,12.08,,,,,,,,,,,,,,,,,,,,
2018,9,VT,17.95,,,,,,,,,,,,,,,,,,,,
2018,9,WA,9.91,,,,,,,,,,,,,,,,,,,,
2018,9,WI,14.88,,,,,,,,,,,,,,,,,,,,
2018,9,WV,11.24,,,,,,,,,,,,,,,,,,,,
2018,9,WY,12.23,,,,,,,,,,,,,,,,,,,,
2018,10,AK,22.51,,,,,,,,,,,,,,,,,,,,
2018,10,AL,12.42,,,,,,,,,,,,,,,,,,,,
2018,10,AR,9.34,,,,,,,,,,,,,,,,,,,,
2018,10,AZ,13.26,,,,,,,,,,,,,,,,,,,,
2018,10,CA,15.73,,,,,,,,,,,,,,,,,,,,
2018,10,CO,12.27,,,,,,,,,,,,,,,,,,,,
2018,10,CT,21.87,,,,,,,,,,,,,,,,,,,,
2018,10,DC,13.60,,,,,,,,,,,,,,,,,,,,
2018,10,DE,13.89,,,,,,,,,,,,,,,,,,,,
2018,10,FL,11.67,,,,,,,,,,,,,,,,,,,,
2018,10,GA,10.97,,,,,,,,,,,,,,,,,,,,
2018,10,HI,32.46,,,,,,,,,,,,,,,,,,,,
2018,10,IA,12.82,,,,,,,,,,,,,,,,,,,,
2018,10,ID,10.33,,,,,,,,,,,,,,,,,,,,
2018,10,IL,13.23,,,,,,,,,,,,,,,,,,,,
2018,10,IN,12.39,,,,,,,,,,,,,,,,,,,,
2018,10,KS,13.32,,,,,,,,,,,,,,,,,,,,
2018,10,KY,10.77,,,,,,,,,,,,,,,,,,,,
2018,10,LA,9.11,,,,,,,,,,,,,,,,,,,,
2018,10,MA,21.28,,,,,,,,,,,,,,,,,,,,
2018,10,MD,14.19,,,,,,,,,,,,,,,,,,,,
2018,10,ME,16.47,,,,,,,,,,,,,,,,,,,,
2018,10,MI,15.42,,,,,,,,,,,,,,,,,,,,
2018,10,MN,13.72,,,,,,,,,,,,,,,,,,,,
2018,10,MO,10.71,,,,,,,,,,,,,,,,,,,,
2018,10,MS,11.23,,,,,,,,,,,,,,,,,,,,
2018,10,MT,11.48,,,,,,,,,,,,,,,,,,,,
2018,10,NC,11.95,,,,,,,,,,,,,,,,,,,,
2018,10,ND,10.83,,,,,,,,,,,,,,,,,,,,
2018,10,NE,11.23,,,,,,,,,,,,,,,,,,,,
2018,10,NH,20.23,,,,,,,,,,,,,,,,,,,,
2018,10,NJ,14.96,,,,,,,,,,,,,,,,,,,,
2018,10,NM,12.97,,,,,,,,,,,,,,,,,,,,
2018,10,NV,12.16,,,,,,,,,,,,,,,,,,,,
2018,10,NY,19.29,,,,,,,,,,,,,,,,,,,,
2018,10,OH,12.48,,,,,,,,,,,,,,,,,,,,
2018,10,OK,11.00,,,,,,,,,,,,,,,,,,,,
2018,10,OR,11.24,,,,,,,,,,,,,,,,,,,,
2018,10,PA,14.10,,,,,,,,,,,,,,,,,,,,
2018,10,RI,21.47,,,,,,,,,,,,,,,,,,,,
2018,10,SC,12.43,,,,,,,,,,,,,,,,,,,,
2018,10,SD,12.35,,,,,,,,,,,,,,,,,,,,
2018,10,TN,10.70,,,,,,,,,,,,,,,,,,,,
2018,10,TX,11.69,,,,,,,,,,,,,,,,,,,,
2018,10,UT,10.32,,,,,,,,,,,,,,,,,,,,
2018,10,VA,11.90,,,,,,,,,,,,,,,,,,,,
2018,10,VT,18.42,,,,,,,,,,,,,,,,,,,,
2018,10,WA,9.68,,,,,,,,,,,,,,,,,,,,
2018,10,WI,14.94,,,,,,,,,,,,,,,,,,,,
2018,10,WV,11.27,,,,,,,,,,,,,,,,,,,,
2018,10,WY,11.08,,,,,,,,,,,,,,,,,,,,
2018,11,AK,21.81,,,,,,,,,,,,,,,,,,,,
2018,11,AL,12.14,,,,,,,,,,,,,,,,,,,,
2018,11,AR,9.64,,,,,,,,,,,,,,,,,,,,
2018,11,AZ,12.65,,,,,,,,,,,,,,,,,,,,
2018,11,CA,19.53,,,,,,,,,,,,,,,,,,,,
2018,11,CO,12.12,,,,,,,,,,,,,,,,,,,,
2018,11,CT,21.16,,,,,,,,,,,,,,,,,,,,
2018,11,DC,13.84,,,,,,,,,,,,,,,,,,,,
2018,11,DE,13.10,,,,,,,,,,,,,,,,,,,,
2018,11,FL,12.14,,,,,,,,,,,,,,,,,,,,
2018,11,GA,10.82,,,,,,,,,,,,,,,,,,,,
2018,11,HI,33.82,,,,,,,,,,,,,,,,,,,,
2018,11,IA,12.15,,,,,,,,,,,,,,,,,,,,
2018,11,ID,9.58,,,,,,,,,,,,,,,,,,,,
2018,11,IL,13.25,,,,,,,,,,,,,,,,,,,,
2018,11,IN,12.38,,,,,,,,,,,,,,,,,,,,
2018,11,KS,12.97,,,,,,,,,,,,,,,,,,,,
2018,11,KY,10.73,,,,,,,,,,,,,,,,,,,,
2018,11,LA,9.09,,,,,,,,,,,,,,,,,,,,
2018,11,MA,21.27,,,,,,,,,,,,,,,,,,,,
2018,11,MD,13.11,,,,,,,,,,,,,,,,,,,,
2018,11,ME,16.38,,,,,,,,,,,,,,,,,,,,
2018,11,MI,15.12,,,,,,,,,,,,,,,,,,,,
2018,11,MN,13.10,,,,,,,,,,,,,,,,,,,,
2018,11,MO,10.06,,,,,,,,,,,,,,,,,,,,
2018,11,MS,11.58,,,,,,,,,,,,,,,,,,,,
2018,11,MT,11.07,,,,,,,,,,,,,,,,,,,,
2018,11,NC,11.29,,,,,,,,,,,,,,,,,,,,
2018,11,ND,9.89,,,,,,,,,,,,,,,,,,,,
2018,11,NE,10.60,,,,,,,,,,,,,,,,,,,,
2018,11,NH,20.08,,,,,,,,,,,,,,,,,,,,
2018,11,NJ,15.04,,,,,,,,,,,,,,,,,,,,
2018,11,NM,12.30,,,,,,,,,,,,,,,,,,,,
2018,11,NV,12.12,,,,,,,,,,,,,,,,,,,,
2018,11,NY,18.17,,,,,,,,,,,,,,,,,,,,
2018,11,OH,12.37,,,,,,,,,,,,,,,,,,,,
2018,11,OK,9.92,,,,,,,,,,,,,,,,,,,,
2018,11,OR,10.95,,,,,,,,,,,,,,,,,,,,
2018,11,PA,13.93,,,,,,,,,,,,,,,,,,,,
2018,11,RI,21.74,,,,,,,,,,,,,,,,,,,,
2018,11,SC,12.36,,,,,,,,,,,,,,,,,,,,
2018,11,SD,11.28,,,,,,,,,,,,,,,,,,,,
2018,11,TN,11.06,,,,,,,,,,,,,,,,,,,,
2018,11,TX,11.81,,,,,,,,,,,,,,,,,,,,
2018,11,UT,10.03,,,,,,,,,,,,,,,,,,,,
2018,11,VA,11.65,,,,,,,,,,,,,,,,,,,,
2018,11,VT,18.22,,,,,,,,,,,,,,,,,,,,
2018,11,WA,9.46,,,,,,,,,,,,,,,,,,,,
2018,11,WI,14.29,,,,,,,,,,,,,,,,,,,,
2018,11,WV,11.24,,,,,,,,,,,,,,,,,,,,
2018,11,WY,11.05,,,,,,,,,,,,,,,,,,,,
2018,12,AK,21.99,,,,,,,,,,,,,,,,,,,,
2018,12,AL,11.62,,,,,,,,,,,,,,,,,,,,
2018,12,AR,9.01,,,,,,,,,,,,,,,,,,,,
2018,12,AZ,12.26,,,,,,,,,,,,,,,,,,,,
2018,12,CA,19.44,,,,,,,,,,,,,,,,,,,,
2018,12,CO,11.90,,,,,,,,,,,,,,,,,,,,
2018,12,CT,20.84,,,,,,,,,,,,,,,,,,,,
2018,12,DC,13.15,,,,,,,,,,,,,,,,,,,,
2018,12,DE,12.27,,,,,,,,,,,,,,,,,,,,
2018,12,FL,11.86,,,,,,,,,,,,,,,,,,,,
2018,12,GA,9.29,,,,,,,,,,,,,,,,,,,,
2018,12,HI,34.43,,,,,,,,,,,,,,,,,,,,
2018,12,IA,11.08,,,,,,,,,,,,,,,,,,,,
2018,12,ID,9.83,,,,,,,,,,,,,,,,,,,,
2018,12,IL,12.30,,,,,,,,,,,,,,,,,,,,
2018,12,IN,11.89,,,,,,,,,,,,,,,,,,,,
2018,12,KS,11.96,,,,,,,,,,,,,,,,,,,,
2018,12,KY,10.36,,,,,,,,,,,,,,,,,,,,
2018,12,LA,9.01,,,,,,,,,,,,,,,,,,,,
2018,12,MA,21.99,,,,,,,,,,,,,,,,,,,,
2018,12,MD,13.24,,,,,,,,,,,,,,,,,,,,
2018,12,ME,16.11,,,,,,,,,,,,,,,,,,,,
2018,12,MI,15.10,,,,,,,,,,,,,,,,,,,,
2018,12,MN,12.87,,,,,,,,,,,,,,,,,,,,
2018,12,MO,9.54,,,,,,,,,,,,,,,,,,,,
2018,12,MS,11.12,,,,,,,,,,,,,,,,,,,,
2018,12,MT,10.93,,,,,,,,,,,,,,,,,,,,
2018,12,NC,10.78,,,,,,,,,,,,,,,,,,,,
2018,12,ND,9.54,,,,,,,,,,,,,,,,,,,,
2018,12,NE,9.81,,,,,,,,,,,,,,,,,,,,
2018,12,NH,19.78,,,,,,,,,,,,,,,,,,,,
2018,12,NJ,15.45,,,,,,,,,,,,,,,,,,,,
2018,12,NM,12.04,,,,,,,,,,,,,,,,,,,,
2018,12,NV,11.72,,,,,,,,,,,,,,,,,,,,
2018,12,NY,17.34,,,,,,,,,,,,,,,,,,,,
2018,12,OH,12.00,,,,,,,,,,,,,,,,,,,,
2018,12,OK,9.02,,,,,,,,,,,,,,,,,,,,
2018,12,OR,10.68,,,,,,,,,,,,,,,,,,,,
2018,12,PA,13.58,,,,,,,,,,,,,,,,,,,,
2018,12,RI,22.51,,,,,,,,,,,,,,,,,,,,
2018,12,SC,11.77,,,,,,,,,,,,,,,,,,,,
2018,12,SD,11.05,,,,,,,,,,,,,,,,,,,,
2018,12,TN,10.72,,,,,,,,,,,,,,,,,,,,
2018,12,TX,11.22,,,,,,,,,,,,,,,,,,,,
2018,12,UT,9.97,,,,,,,,,,,,,,,,,,,,
2018,12,VA,11.01,,,,,,,,,,,,,,,,,,,,
2018,12,VT,18.06,,,,,,,,,,,,,,,,,,,,
2018,12,WA,9.35,,,,,,,,,,,,,,,,,,,,
2018,12,WI,14.06,,,,,,,,,,,,,,,,,,,,
2018,12,WV,10.41,,,,,,,,,,,,,,,,,,,,
2018,12,WY,10.84,,,,,,,,,,,,,,,,,,,,